powerplant_type,cap__usd_mw,fom__usd_mwa,vom__usd_mwh,life__years,country,year,source
BATS,311359.3197,38776.78245,0.0,20,MX,2025,CAPEX_OPEX_VOM_NDC_ICM.xlsx:Costos_NDC_2024 (CAPEX/OPEX/VOM)
BATS,317383.9866,32503.81849,0.0,25,MX,2030,CAPEX_OPEX_VOM_NDC_ICM.xlsx:Costos_NDC_2024 (CAPEX/OPEX/VOM)
BATS,306440.749,29997.42405,0.0,25,MX,2035,CAPEX_OPEX_VOM_NDC_ICM.xlsx:Costos_NDC_2024 (CAPEX/OPEX/VOM)
BATS,184000.0,0.0,2.0,25,MX,2040,CopiedFromTemplate_XY
BATS,184000.0,0.0,2.0,25,MX,2045,CopiedFromTemplate_XY
BATS,69000.0,0.0,1.8,30,MX,2050,CopiedFromTemplate_XY
BIOT,1717000.0,47500.0,3.0,25,MX,2025,CopiedFromTemplate_XY
BIOT,1645000.0,45500.0,3.0,25,MX,2030,CopiedFromTemplate_XY
BIOT,1645000.0,45500.0,3.0,25,MX,2035,CopiedFromTemplate_XY
BIOT,1645000.0,45500.0,3.0,25,MX,2040,CopiedFromTemplate_XY
BIOT,1538000.0,42550.0,3.0,25,MX,2045,CopiedFromTemplate_XY
BIOT,1430000.0,39600.0,3.0,25,MX,2050,CopiedFromTemplate_XY
CCGT,1451322.528,33500.0,2.12,35,MX,2025,CAPEX_OPEX_VOM_NDC_ICM.xlsx:Costos_NDC_2024 (CAPEX/OPEX/VOM)
CCGT,1391374.394,31800.0,2.04,35,MX,2030,CAPEX_OPEX_VOM_NDC_ICM.xlsx:Costos_NDC_2024 (CAPEX/OPEX/VOM)
CCGT,1331536.103,30100.0,1.96,35,MX,2035,CAPEX_OPEX_VOM_NDC_ICM.xlsx:Costos_NDC_2024 (CAPEX/OPEX/VOM)
CCGT,878000.0,22000.0,2.0,35,MX,2040,CopiedFromTemplate_XY
CCGT,878000.0,22000.0,2.0,35,MX,2045,CopiedFromTemplate_XY
CCGT,878000.0,22000.0,2.0,35,MX,2050,CopiedFromTemplate_XY
CHP,1700000.0,49000.0,3.0,25,MX,2025,CopiedFromTemplate_XY
CHP,1600000.0,45500.0,2.5,25,MX,2030,CopiedFromTemplate_XY
CHP,1600000.0,45500.0,2.5,25,MX,2035,CopiedFromTemplate_XY
CHP,1500000.0,45500.0,2.5,25,MX,2040,CopiedFromTemplate_XY
CHP,1500000.0,45500.0,2.5,25,MX,2045,CopiedFromTemplate_XY
CHP,1400000.0,39500.0,2.5,25,MX,2050,CopiedFromTemplate_XY
CSP,6277402.758,67268.85,0.0,20,MX,2025,CAPEX_OPEX_VOM_NDC_ICM.xlsx:Costos_NDC_2024 (CAPEX/OPEX/VOM)
CSP,6181140.299,55000.0,0.0,20,MX,2030,CAPEX_OPEX_VOM_NDC_ICM.xlsx:Costos_NDC_2024 (CAPEX/OPEX/VOM)
CSP,6541242.881,54250.0,0.0,20,MX,2035,CAPEX_OPEX_VOM_NDC_ICM.xlsx:Costos_NDC_2024 (CAPEX/OPEX/VOM)
CSP,587000.0,11000.0,0.0,20,MX,2040,CopiedFromTemplate_XY
CSP,550000.0,10000.0,0.0,20,MX,2045,CopiedFromTemplate_XY
CSP,513000.0,10000.0,0.0,20,MX,2050,CopiedFromTemplate_XY
DAC,600000.0,25.0,0.0,25,MX,2025,CopiedFromTemplate_XY
DAC,450000.0,15.0,0.0,25,MX,2030,CopiedFromTemplate_XY
DAC,350000.0,13.0,0.0,25,MX,2035,CopiedFromTemplate_XY
DAC,250000.0,11.0,0.0,25,MX,2040,CopiedFromTemplate_XY
DAC,240000.0,9.0,0.0,25,MX,2045,CopiedFromTemplate_XY
DAC,220000.0,8.0,0.0,25,MX,2050,CopiedFromTemplate_XY
EDLH,2040000.0,82000.0,0.0,30,MX,2025,CopiedFromTemplate_XY
EDLH,2040000.0,82000.0,0.0,30,MX,2030,CopiedFromTemplate_XY
EDLH,2040000.0,82000.0,0.0,30,MX,2035,CopiedFromTemplate_XY
EDLH,2040000.0,82000.0,0.0,30,MX,2040,CopiedFromTemplate_XY
EDLH,2040000.0,82000.0,0.0,30,MX,2045,CopiedFromTemplate_XY
EDLH,2040000.0,82000.0,0.0,30,MX,2050,CopiedFromTemplate_XY
EERH,2900000.0,120000.0,0.0,30,MX,2025,CopiedFromTemplate_XY
EERH,2900000.0,120000.0,0.0,30,MX,2030,CopiedFromTemplate_XY
EERH,2900000.0,120000.0,0.0,30,MX,2035,CopiedFromTemplate_XY
EERH,2900000.0,120000.0,0.0,30,MX,2040,CopiedFromTemplate_XY
EERH,2900000.0,120000.0,0.0,30,MX,2045,CopiedFromTemplate_XY
EERH,2900000.0,120000.0,0.0,30,MX,2050,CopiedFromTemplate_XY
EHPP,650000.0,25000.0,0.0,30,MX,2025,CopiedFromTemplate_XY
EHPP,650000.0,25000.0,0.0,30,MX,2030,CopiedFromTemplate_XY
EHPP,650000.0,25000.0,0.0,30,MX,2035,CopiedFromTemplate_XY
EHPP,650000.0,25000.0,0.0,30,MX,2040,CopiedFromTemplate_XY
EHPP,650000.0,25000.0,0.0,30,MX,2045,CopiedFromTemplate_XY
EHPP,650000.0,25000.0,0.0,30,MX,2050,CopiedFromTemplate_XY
EIDT,400000.0,18000.0,0.0,30,MX,2025,CopiedFromTemplate_XY
EIDT,400000.0,18000.0,0.0,30,MX,2030,CopiedFromTemplate_XY
EIDT,400000.0,18000.0,0.0,30,MX,2035,CopiedFromTemplate_XY
EIDT,400000.0,18000.0,0.0,30,MX,2040,CopiedFromTemplate_XY
EIDT,400000.0,18000.0,0.0,30,MX,2045,CopiedFromTemplate_XY
EIDT,400000.0,18000.0,0.0,30,MX,2050,CopiedFromTemplate_XY
ELTZ,650000.0,21000.0,0.0,18,MX,2025,CopiedFromTemplate_XY
ELTZ,350000.0,19000.0,0.0,18,MX,2030,CopiedFromTemplate_XY
ELTZ,300000.0,15000.0,0.0,18,MX,2035,CopiedFromTemplate_XY
ELTZ,250000.0,13000.0,0.0,18,MX,2040,CopiedFromTemplate_XY
ELTZ,230000.0,11000.0,0.0,18,MX,2045,CopiedFromTemplate_XY
ELTZ,200000.0,10000.0,0.0,18,MX,2050,CopiedFromTemplate_XY
EVCH-PRV,10000.0,1.0,1.0,20,MX,2025,CopiedFromTemplate_XY
EVCH-PRV,10000.0,1.0,1.0,20,MX,2030,CopiedFromTemplate_XY
EVCH-PRV,10000.0,1.0,1.0,20,MX,2035,CopiedFromTemplate_XY
EVCH-PRV,10000.0,1.0,1.0,20,MX,2040,CopiedFromTemplate_XY
EVCH-PRV,10000.0,1.0,1.0,20,MX,2045,CopiedFromTemplate_XY
EVCH-PRV,10000.0,1.0,1.0,20,MX,2050,CopiedFromTemplate_XY
EVCH-PUB,10000.0,1.0,1.0,20,MX,2025,CopiedFromTemplate_XY
EVCH-PUB,10000.0,1.0,1.0,20,MX,2030,CopiedFromTemplate_XY
EVCH-PUB,10000.0,1.0,1.0,20,MX,2035,CopiedFromTemplate_XY
EVCH-PUB,10000.0,1.0,1.0,20,MX,2040,CopiedFromTemplate_XY
EVCH-PUB,10000.0,1.0,1.0,20,MX,2045,CopiedFromTemplate_XY
EVCH-PUB,10000.0,1.0,1.0,20,MX,2050,CopiedFromTemplate_XY
EVST_PRV,2000000.0,690.0,0.0,30,MX,2025,CopiedFromTemplate_XY
EVST_PRV,1500000.0,690.0,0.0,30,MX,2030,CopiedFromTemplate_XY
EVST_PRV,1200000.0,690.0,0.0,30,MX,2035,CopiedFromTemplate_XY
EVST_PRV,1100000.0,690.0,0.0,30,MX,2040,CopiedFromTemplate_XY
EVST_PRV,900000.0,690.0,0.0,30,MX,2045,CopiedFromTemplate_XY
EVST_PRV,670000.0,690.0,0.0,30,MX,2050,CopiedFromTemplate_XY
EVST_PUB,1870000.0,690.0,0.0,30,MX,2025,CopiedFromTemplate_XY
EVST_PUB,1530000.0,690.0,0.0,30,MX,2030,CopiedFromTemplate_XY
EVST_PUB,1330000.0,690.0,0.0,30,MX,2035,CopiedFromTemplate_XY
EVST_PUB,1100000.0,690.0,0.0,30,MX,2040,CopiedFromTemplate_XY
EVST_PUB,900000.0,690.0,0.0,30,MX,2045,CopiedFromTemplate_XY
EVST_PUB,678000.0,690.0,0.0,30,MX,2050,CopiedFromTemplate_XY
FITR,1070000.0,32000.0,6.0,100,MX,2025,CopiedFromTemplate_XY
FITR,1070000.0,32000.0,6.0,100,MX,2030,CopiedFromTemplate_XY
FITR,1070000.0,32000.0,6.0,100,MX,2035,CopiedFromTemplate_XY
FITR,965000.0,28000.0,6.0,100,MX,2040,CopiedFromTemplate_XY
FITR,965000.0,28000.0,6.0,100,MX,2045,CopiedFromTemplate_XY
FITR,965000.0,28000.0,6.0,100,MX,2050,CopiedFromTemplate_XY
GEOT,4589440.882,119088.2372,0.0,40,MX,2025,CAPEX_OPEX_VOM_NDC_ICM.xlsx:Costos_NDC_2024 (CAPEX/OPEX/VOM)
GEOT,4589440.882,115709.2167,0.0,40,MX,2030,CAPEX_OPEX_VOM_NDC_ICM.xlsx:Costos_NDC_2024 (CAPEX/OPEX/VOM)
GEOT,4589440.882,112330.1962,0.0,40,MX,2035,CAPEX_OPEX_VOM_NDC_ICM.xlsx:Costos_NDC_2024 (CAPEX/OPEX/VOM)
GEOT,4000000.0,90000.0,0.0,40,MX,2040,CopiedFromTemplate_XY
GEOT,3930000.0,90000.0,0.0,40,MX,2045,CopiedFromTemplate_XY
GEOT,3830000.0,90000.0,0.0,40,MX,2050,CopiedFromTemplate_XY
HDAM,2100000.0,40000.0,0.0,50,MX,2025,CopiedFromTemplate_XY
HDAM,2100000.0,40000.0,0.0,50,MX,2030,CopiedFromTemplate_XY
HDAM,2100000.0,40000.0,0.0,50,MX,2035,CopiedFromTemplate_XY
HDAM,2100000.0,40000.0,0.0,50,MX,2040,CopiedFromTemplate_XY
HDAM,2100000.0,40000.0,0.0,50,MX,2045,CopiedFromTemplate_XY
HDAM,2100000.0,40000.0,0.0,50,MX,2050,CopiedFromTemplate_XY
HHBS,465000.0,0.0,0.0,20,MX,2025,CopiedFromTemplate_XY
HHBS,270000.0,0.0,0.0,20,MX,2030,CopiedFromTemplate_XY
HHBS,270000.0,0.0,0.0,20,MX,2035,CopiedFromTemplate_XY
HHBS,270000.0,0.0,0.0,20,MX,2040,CopiedFromTemplate_XY
HHBS,270000.0,0.0,0.0,20,MX,2045,CopiedFromTemplate_XY
HHBS,200000.0,0.0,0.0,20,MX,2050,CopiedFromTemplate_XY
HPHS,890000.0,9000.0,2.0,50,MX,2025,CopiedFromTemplate_XY
HPHS,890000.0,9000.0,2.0,50,MX,2030,CopiedFromTemplate_XY
HPHS,890000.0,9000.0,2.0,50,MX,2035,CopiedFromTemplate_XY
HPHS,890000.0,9000.0,2.0,50,MX,2040,CopiedFromTemplate_XY
HPHS,890000.0,9000.0,2.0,50,MX,2045,CopiedFromTemplate_XY
HPHS,890000.0,9000.0,2.0,50,MX,2050,CopiedFromTemplate_XY
HROR,2120000.0,40000.0,0.0,50,MX,2025,CopiedFromTemplate_XY
HROR,2120000.0,40000.0,0.0,50,MX,2030,CopiedFromTemplate_XY
HROR,2120000.0,40000.0,0.0,50,MX,2035,CopiedFromTemplate_XY
HROR,2120000.0,40000.0,0.0,50,MX,2040,CopiedFromTemplate_XY
HROR,2120000.0,40000.0,0.0,50,MX,2045,CopiedFromTemplate_XY
HROR,2120000.0,40000.0,0.0,50,MX,2050,CopiedFromTemplate_XY
IND_BOILER,220000.0,50000.0,6.0,25,MX,2025,CopiedFromTemplate_XY
IND_BOILER,220000.0,50000.0,6.0,25,MX,2030,CopiedFromTemplate_XY
IND_BOILER,220000.0,50000.0,6.0,25,MX,2035,CopiedFromTemplate_XY
IND_BOILER,220000.0,50000.0,6.0,25,MX,2040,CopiedFromTemplate_XY
IND_BOILER,220000.0,50000.0,6.0,25,MX,2045,CopiedFromTemplate_XY
IND_BOILER,220000.0,50000.0,6.0,25,MX,2050,CopiedFromTemplate_XY
INLHSTOR,400000.0,600.0,0.0,30,MX,2025,CopiedFromTemplate_XY
INLHSTOR,340000.0,500.0,0.0,30,MX,2030,CopiedFromTemplate_XY
INLHSTOR,280000.0,400.0,0.0,30,MX,2035,CopiedFromTemplate_XY
INLHSTOR,230000.0,300.0,0.0,30,MX,2040,CopiedFromTemplate_XY
INLHSTOR,230000.0,300.0,0.0,30,MX,2045,CopiedFromTemplate_XY
INLHSTOR,230000.0,300.0,0.0,30,MX,2050,CopiedFromTemplate_XY
METH,870000.0,30000.0,0.0,30,MX,2025,CopiedFromTemplate_XY
METH,670980.0,23000.0,0.0,30,MX,2030,CopiedFromTemplate_XY
METH,572930.0,20000.0,0.0,30,MX,2035,CopiedFromTemplate_XY
METH,474880.0,16000.0,0.0,30,MX,2040,CopiedFromTemplate_XY
METH,376830.0,13000.0,0.0,30,MX,2045,CopiedFromTemplate_XY
METH,278780.0,9000.0,0.0,30,MX,2050,CopiedFromTemplate_XY
NUCL,6798000.0,130000.0,8.0,25,MX,2025,CopiedFromTemplate_XY
NUCL,6798000.0,130000.0,8.0,25,MX,2030,CopiedFromTemplate_XY
NUCL,6798000.0,125000.0,8.5,25,MX,2035,CopiedFromTemplate_XY
NUCL,6798000.0,120000.0,8.5,25,MX,2040,CopiedFromTemplate_XY
NUCL,6798000.0,120000.0,9.0,25,MX,2045,CopiedFromTemplate_XY
NUCL,6798000.0,115000.0,9.0,25,MX,2050,CopiedFromTemplate_XY
OCGT,1309662.192,25700.0,6.94,25,MX,2025,CAPEX_OPEX_VOM_NDC_ICM.xlsx:Costos_NDC_2024 (CAPEX/OPEX/VOM)
OCGT,1260744.778,25000.0,6.94,25,MX,2030,CAPEX_OPEX_VOM_NDC_ICM.xlsx:Costos_NDC_2024 (CAPEX/OPEX/VOM)
OCGT,1211716.154,24200.0,6.94,25,MX,2035,CAPEX_OPEX_VOM_NDC_ICM.xlsx:Costos_NDC_2024 (CAPEX/OPEX/VOM)
OCGT,730000.0,17000.0,2.0,25,MX,2040,CopiedFromTemplate_XY
OCGT,700000.0,17000.0,2.0,25,MX,2045,CopiedFromTemplate_XY
OCGT,680000.0,17000.0,2.0,25,MX,2050,CopiedFromTemplate_XY
OCHT,650000.0,39000.0,2.0,30,MX,2025,CopiedFromTemplate_XY
OCHT,640000.0,38000.0,2.0,30,MX,2030,CopiedFromTemplate_XY
OCHT,640000.0,35000.0,2.0,30,MX,2035,CopiedFromTemplate_XY
OCHT,640000.0,35000.0,2.0,30,MX,2040,CopiedFromTemplate_XY
OCHT,620000.0,34000.0,2.0,30,MX,2045,CopiedFromTemplate_XY
OCHT,610000.0,33000.0,2.0,30,MX,2050,CopiedFromTemplate_XY
OILT,2138031.543888621,38791.75904406929,5.213023459767594,25,MX,2025,CAPEX_OPEX_VOM_NDC_ICM.xlsx:Costos_NDC_2024 (CAPEX/OPEX/VOM)
OILT,2137511.2645262,38791.75904406929,5.213023459767594,25,MX,2030,CAPEX_OPEX_VOM_NDC_ICM.xlsx:Costos_NDC_2024 (CAPEX/OPEX/VOM)
OILT,2140595.8164766496,38791.75904406929,5.213023459767594,25,MX,2035,CAPEX_OPEX_VOM_NDC_ICM.xlsx:Costos_NDC_2024 (CAPEX/OPEX/VOM)
OILT,800000.0,8000.0,6.0,25,MX,2040,CopiedFromTemplate_XY
OILT,790000.0,7800.0,6.0,25,MX,2045,CopiedFromTemplate_XY
OILT,780000.0,7700.0,6.0,25,MX,2050,CopiedFromTemplate_XY
PEVCH,0.0,0.0,0.0,10,MX,2025,CopiedFromTemplate_XY
PEVCH,0.0,0.0,0.0,10,MX,2030,CopiedFromTemplate_XY
PEVCH,0.0,0.0,0.0,10,MX,2035,CopiedFromTemplate_XY
PEVCH,0.0,0.0,0.0,10,MX,2040,CopiedFromTemplate_XY
PEVCH,0.0,0.0,0.0,10,MX,2045,CopiedFromTemplate_XY
PEVCH,0.0,0.0,0.0,10,MX,2050,CopiedFromTemplate_XY
PHOT,1009173.074,7560.0,0.0,30,MX,2025,CAPEX_OPEX_VOM_NDC_ICM.xlsx:Costos_NDC_2024 (CAPEX/OPEX/VOM)
PHOT,999573.778,7560.0,0.0,30,MX,2030,CAPEX_OPEX_VOM_NDC_ICM.xlsx:Costos_NDC_2024 (CAPEX/OPEX/VOM)
PHOT,983980.2102,7560.0,0.0,30,MX,2035,CAPEX_OPEX_VOM_NDC_ICM.xlsx:Costos_NDC_2024 (CAPEX/OPEX/VOM)
PHOT,650000.0,10000.0,0.0,30,MX,2040,CopiedFromTemplate_XY
PHOT,550000.0,9000.0,0.0,30,MX,2045,CopiedFromTemplate_XY
PHOT,450000.0,8000.0,0.0,30,MX,2050,CopiedFromTemplate_XY
RTPV,1009173.074,7560.0,0.0,30,MX,2025,AlignedToPHOT_from_CAPEX_OPEX_VOM_NDC_ICM.xlsx
RTPV,999573.778,7560.0,0.0,30,MX,2030,AlignedToPHOT_from_CAPEX_OPEX_VOM_NDC_ICM.xlsx
RTPV,983980.2102,7560.0,0.0,30,MX,2035,AlignedToPHOT_from_CAPEX_OPEX_VOM_NDC_ICM.xlsx
RTPV,770000.0,9900.0,0.5,30,MX,2040,CopiedFromTemplate_XY
RTPV,710000.0,9000.0,0.5,30,MX,2045,CopiedFromTemplate_XY
RTPV,650000.0,8000.0,0.5,30,MX,2050,CopiedFromTemplate_XY
SubC,1150000.0,38000.0,0.0,30,MX,2025,CopiedFromTemplate_XY
SubC,1200000.0,38000.0,0.0,30,MX,2030,CopiedFromTemplate_XY
SubC,1200000.0,38000.0,0.0,30,MX,2035,CopiedFromTemplate_XY
SubC,1200000.0,38000.0,0.0,30,MX,2040,CopiedFromTemplate_XY
SubC,1190000.0,37000.0,0.0,30,MX,2045,CopiedFromTemplate_XY
SubC,1180000.0,37000.0,0.0,30,MX,2050,CopiedFromTemplate_XY
SupC,1500000.0,39000.0,0.1133,30,MX,2025,CopiedFromTemplate_XY
SupC,1500000.0,39000.0,0.1133,30,MX,2030,CopiedFromTemplate_XY
SupC,1500000.0,39000.0,0.1133,30,MX,2035,CopiedFromTemplate_XY
SupC,1500000.0,39000.0,0.1133,30,MX,2040,CopiedFromTemplate_XY
SupC,1500000.0,39000.0,0.1133,30,MX,2045,CopiedFromTemplate_XY
SupC,1400000.0,38000.0,0.1133,30,MX,2050,CopiedFromTemplate_XY
SWHT,1350000.0,16500.0,0.0,20,MX,2025,CopiedFromTemplate_XY
SWHT,1300000.0,16500.0,0.0,20,MX,2030,CopiedFromTemplate_XY
SWHT,1250000.0,16500.0,0.0,20,MX,2035,CopiedFromTemplate_XY
SWHT,1100000.0,16500.0,0.0,20,MX,2040,CopiedFromTemplate_XY
SWHT,1000000.0,16500.0,0.0,20,MX,2045,CopiedFromTemplate_XY
SWHT,970000.0,16500.0,0.0,20,MX,2050,CopiedFromTemplate_XY
WSTT,2480000.0,50000.0,6.0,25,MX,2025,CopiedFromTemplate_XY
WSTT,2480000.0,50000.0,6.0,25,MX,2030,CopiedFromTemplate_XY
WSTT,2480000.0,50000.0,6.0,25,MX,2035,CopiedFromTemplate_XY
WSTT,2480000.0,50000.0,6.0,25,MX,2040,CopiedFromTemplate_XY
WSTT,2480000.0,50000.0,6.0,25,MX,2045,CopiedFromTemplate_XY
WSTT,2480000.0,50000.0,6.0,25,MX,2050,CopiedFromTemplate_XY
WTOF,2747671.258,85191.1,0.0,30,MX,2025,CAPEX_OPEX_VOM_NDC_ICM.xlsx:Costos_NDC_2024 (CAPEX/OPEX/VOM)
WTOF,2562539.436,79195.0,0.0,30,MX,2030,CAPEX_OPEX_VOM_NDC_ICM.xlsx:Costos_NDC_2024 (CAPEX/OPEX/VOM)
WTOF,2764886.407,74772.5,0.0,30,MX,2035,CAPEX_OPEX_VOM_NDC_ICM.xlsx:Costos_NDC_2024 (CAPEX/OPEX/VOM)
WTOF,2150000.0,42000.0,4.0,30,MX,2040,CopiedFromTemplate_XY
WTOF,1900000.0,40500.0,3.0,30,MX,2045,CopiedFromTemplate_XY
WTOF,1700000.0,39000.0,3.0,30,MX,2050,CopiedFromTemplate_XY
WTON,1389266.853,43000.0,0.0,30,MX,2025,CAPEX_OPEX_VOM_NDC_ICM.xlsx:Costos_NDC_2024 (CAPEX/OPEX/VOM)
WTON,1450790.256,43000.0,0.0,30,MX,2030,CAPEX_OPEX_VOM_NDC_ICM.xlsx:Costos_NDC_2024 (CAPEX/OPEX/VOM)
WTON,1467885.549,43000.0,0.0,30,MX,2035,CAPEX_OPEX_VOM_NDC_ICM.xlsx:Costos_NDC_2024 (CAPEX/OPEX/VOM)
WTON,1280000.0,36000.0,3.0,30,MX,2040,CopiedFromTemplate_XY
WTON,1180000.0,30000.0,3.0,30,MX,2045,CopiedFromTemplate_XY
WTON,1080000.0,28000.0,2.0,30,MX,2050,CopiedFromTemplate_XY
OILT_TB,2138031.543888621,38791.75904406929,5.213023459767594,25,MX,2025,CAPEX_OPEX_VOM_NDC_ICM.xlsx:Costos_NDC_2024 (CAPEX/OPEX/VOM)
OILT_TB,2137511.2645262,38791.75904406929,5.213023459767594,25,MX,2030,CAPEX_OPEX_VOM_NDC_ICM.xlsx:Costos_NDC_2024 (CAPEX/OPEX/VOM)
OILT_TB,2140595.8164766496,38791.75904406929,5.213023459767594,25,MX,2035,CAPEX_OPEX_VOM_NDC_ICM.xlsx:Costos_NDC_2024 (CAPEX/OPEX/VOM)
OILT_TB,800000.0,8000.0,6.0,25,MX,2040,CopiedFromTemplate_XY
OILT_TB,790000.0,7800.0,6.0,25,MX,2045,CopiedFromTemplate_XY
OILT_TB,780000.0,7700.0,6.0,25,MX,2050,CopiedFromTemplate_XY
OILT_CI,2138031.543888621,38791.75904406929,5.213023459767594,25,MX,2025,CAPEX_OPEX_VOM_NDC_ICM.xlsx:Costos_NDC_2024 (CAPEX/OPEX/VOM)
OILT_CI,2137511.2645262,38791.75904406929,5.213023459767594,25,MX,2030,CAPEX_OPEX_VOM_NDC_ICM.xlsx:Costos_NDC_2024 (CAPEX/OPEX/VOM)
OILT_CI,2140595.8164766496,38791.75904406929,5.213023459767594,25,MX,2035,CAPEX_OPEX_VOM_NDC_ICM.xlsx:Costos_NDC_2024 (CAPEX/OPEX/VOM)
OILT_CI,800000.0,8000.0,6.0,25,MX,2040,CopiedFromTemplate_XY
OILT_CI,790000.0,7800.0,6.0,25,MX,2045,CopiedFromTemplate_XY
OILT_CI,780000.0,7700.0,6.0,25,MX,2050,CopiedFromTemplate_XY
OILT_TE,2138031.543888621,38791.75904406929,5.213023459767594,25,MX,2025,CAPEX_OPEX_VOM_NDC_ICM.xlsx:Costos_NDC_2024 (CAPEX/OPEX/VOM)
OILT_TE,2137511.2645262,38791.75904406929,5.213023459767594,25,MX,2030,CAPEX_OPEX_VOM_NDC_ICM.xlsx:Costos_NDC_2024 (CAPEX/OPEX/VOM)
OILT_TE,2140595.8164766496,38791.75904406929,5.213023459767594,25,MX,2035,CAPEX_OPEX_VOM_NDC_ICM.xlsx:Costos_NDC_2024 (CAPEX/OPEX/VOM)
OILT_TE,800000.0,8000.0,6.0,25,MX,2040,CopiedFromTemplate_XY
OILT_TE,790000.0,7800.0,6.0,25,MX,2045,CopiedFromTemplate_XY
OILT_TE,780000.0,7700.0,6.0,25,MX,2050,CopiedFromTemplate_XY
